氏族名,氏族英語名,標語,典型的な元人間像,氏族の詳細概要,内なる獣の衝動,氏族の呪い,狂乱の性質,取得可能な訓え一覧,訓え名,訓えの概要説明,ドット数,パワー名,系統・種別,発動タイプ,使用能力値,発動コスト,抵抗/難易度,射程/距離,持続時間,パワー概要,効果とルールの詳細 (日本語),成熟ルール (上位ドット時の強化),Rules_Description (英語原文),Maturing_Rules (英語原文)
ミニストリー,The Ministry,真に自由になるためには、己自身に屈服せよ。,カルト指導者、快楽主義のアーティスト、違法薬物の元締め、過激派セラピスト、裏社会の銀行家,かつて「セトの信徒」として恐れられたミニストリーは、道徳律や法、宗教的戒律はすべて魂を束縛する鎖にすぎないと説きます。真の精神的解放を得るには、あらゆる禁忌を犯し、欲望の限界を試し、己を縛るすべての偽善を粉砕しなければならないと考えます。彼らは誘惑者であり霊的導き手として、人々が最も渇望するものを提供し、快楽と負債の網へと絡め取っていきます。,誘惑者 (Tempting Beast): 他者を堕落させ、禁忌を打ち破ることを切望します。他人に悪徳を犯させ、誓いを破らせ、偽善を暴き立てることで獣を満たします。,陽光の禍 (Sunlight Bane): 日光に対する脆弱性が他氏族より遥かに深刻です。日光に晒された際に［世代修正値］分の追加ダメージを受け、火や日光による恐怖狂乱の難易度も［世代修正値］分上昇します。,背徳 (Transgression): 衝撃的な道徳的・社会的禁忌を犯そうと暴走します。神聖な象徴を破壊し、周囲の人間に信念を破らせ、自らの最も暗い悪徳を衆人環視の中で満たそうとします。,堕落（Corruption）、隠匿（Obfuscate）、威厳（Presence）の3つの訓えを標準で習得可能です。,コラプション (堕落・誘惑),他者の心に疑念や悪夢、抑えがたい罪の欲望を植え付け、精神と魂を蝕んで意のままに操る闇の訓え。毒蛇への変身や猛毒の血をも操る。,1,矛盾の囁き (Contradict),1-dot Social Corruption,アクション (Action),社会: 操作力 (Manipulation),1ヴィータイ (1 Vitae),対象の平静 (Target's Composure),近距離 (Near),1ターン (One turn),疑念の囁きで対象の予定していた行動を正反対のものへと覆す。,相手の心に微細な疑念を囁きかけ、対象がその手番で予定していた意図や行動とは正反対のことを強制的に行わせる。,"•••: 同時に複数の対象に影響を与えることができる。
•••••: 対象を操り、その味方を攻撃させることができる。",Whisper a subtle doubt that forces the target to do the opposite of what they planned for their turn.,"•••: Affects multiple targets.
•••••: Forces target to attack their ally."
ミニストリー,The Ministry,真に自由になるためには、己自身に屈服せよ。,カルト指導者、快楽主義のアーティスト、違法薬物の元締め、過激派セラピスト、裏社会の銀行家,かつて「セトの信徒」として恐れられたミニストリーは、道徳律や法、宗教的戒律はすべて魂を束縛する鎖にすぎないと説きます。真の精神的解放を得るには、あらゆる禁忌を犯し、欲望の限界を試し、己を縛るすべての偽善を粉砕しなければならないと考えます。彼らは誘惑者であり霊的導き手として、人々が最も渇望するものを提供し、快楽と負債の網へと絡め取っていきます。,誘惑者 (Tempting Beast): 他者を堕落させ、禁忌を打ち破ることを切望します。他人に悪徳を犯させ、誓いを破らせ、偽善を暴き立てることで獣を満たします。,陽光の禍 (Sunlight Bane): 日光に対する脆弱性が他氏族より遥かに深刻です。日光に晒された際に［世代修正値］分の追加ダメージを受け、火や日光による恐怖狂乱の難易度も［世代修正値］分上昇します。,背徳 (Transgression): 衝撃的な道徳的・社会的禁忌を犯そうと暴走します。神聖な象徴を破壊し、周囲の人間に信念を破らせ、自らの最も暗い悪徳を衆人環視の中で満たそうとします。,堕落（Corruption）、隠匿（Obfuscate）、威厳（Presence）の3つの訓えを標準で習得可能です。,コラプション (堕落・誘惑),他者の心に疑念や悪夢、抑えがたい罪の欲望を植え付け、精神と魂を蝕んで意のままに操る闇の訓え。毒蛇への変身や猛毒の血をも操る。,1,悪夢の幻視 (Nightmare Glimpses),1-dot Mental Corruption,アクション (Action),社会: 操作力 (Manipulation),意志力1点 (1 Willpower),対象の決意 (Target's Resolve),近距離 (Near),即時 (Instant),対象の最悪の恐怖を幻視させ、強烈な恐怖と躊躇を植え付ける。,対象の心の奥底にある最も根源的な恐怖の幻覚を見せつけ、パニックに陥らせて行動を躊躇・中断させる。,"•••: パニックに陥った対象が所持品をその場に投げ出してしまう。
•••••: 対象を恐怖による完全な麻痺状態に陥れる。","Cause the target to see horrifying visions of their deepest fears, inflicting terror and hesitation.","•••: Target drops items in panic.
•••••: Target suffers paralyzing terror."
ミニストリー,The Ministry,真に自由になるためには、己自身に屈服せよ。,カルト指導者、快楽主義のアーティスト、違法薬物の元締め、過激派セラピスト、裏社会の銀行家,かつて「セトの信徒」として恐れられたミニストリーは、道徳律や法、宗教的戒律はすべて魂を束縛する鎖にすぎないと説きます。真の精神的解放を得るには、あらゆる禁忌を犯し、欲望の限界を試し、己を縛るすべての偽善を粉砕しなければならないと考えます。彼らは誘惑者であり霊的導き手として、人々が最も渇望するものを提供し、快楽と負債の網へと絡め取っていきます。,誘惑者 (Tempting Beast): 他者を堕落させ、禁忌を打ち破ることを切望します。他人に悪徳を犯させ、誓いを破らせ、偽善を暴き立てることで獣を満たします。,陽光の禍 (Sunlight Bane): 日光に対する脆弱性が他氏族より遥かに深刻です。日光に晒された際に［世代修正値］分の追加ダメージを受け、火や日光による恐怖狂乱の難易度も［世代修正値］分上昇します。,背徳 (Transgression): 衝撃的な道徳的・社会的禁忌を犯そうと暴走します。神聖な象徴を破壊し、周囲の人間に信念を破らせ、自らの最も暗い悪徳を衆人環視の中で満たそうとします。,堕落（Corruption）、隠匿（Obfuscate）、威厳（Presence）の3つの訓えを標準で習得可能です。,コラプション (堕落・誘惑),他者の心に疑念や悪夢、抑えがたい罪の欲望を植え付け、精神と魂を蝕んで意のままに操る闇の訓え。毒蛇への変身や猛毒の血をも操る。,1,自己疑念 (Self Doubt),1-dot Social Corruption,アクション (Action),社会: 操作力 (Manipulation),なし (None),対象の平静 (Target's Composure),近距離 (Near),1シーン (One scene),壊滅的な自己不信を植え付け、対象のテストにペナルティを与える。,対象の心に強烈な劣等感と自己不信を植え付け、持続時間中、対象のあらゆるテストに［コラプションのドット数］に等しいダイスペナルティを課す。,"•••: 声の届く範囲にいる対象の味方全員にもペナルティが適用される。
•••••: 交渉において対象が即座に白旗を揚げて屈服する。","Inflict crushing self-doubt on a target, imposing a dice penalty to their tests equal to your Corruption dots.","•••: Penalty applies to all allies within earshot.
•••••: Target yields immediately in negotiation."
ミニストリー,The Ministry,真に自由になるためには、己自身に屈服せよ。,カルト指導者、快楽主義のアーティスト、違法薬物の元締め、過激派セラピスト、裏社会の銀行家,かつて「セトの信徒」として恐れられたミニストリーは、道徳律や法、宗教的戒律はすべて魂を束縛する鎖にすぎないと説きます。真の精神的解放を得るには、あらゆる禁忌を犯し、欲望の限界を試し、己を縛るすべての偽善を粉砕しなければならないと考えます。彼らは誘惑者であり霊的導き手として、人々が最も渇望するものを提供し、快楽と負債の網へと絡め取っていきます。,誘惑者 (Tempting Beast): 他者を堕落させ、禁忌を打ち破ることを切望します。他人に悪徳を犯させ、誓いを破らせ、偽善を暴き立てることで獣を満たします。,陽光の禍 (Sunlight Bane): 日光に対する脆弱性が他氏族より遥かに深刻です。日光に晒された際に［世代修正値］分の追加ダメージを受け、火や日光による恐怖狂乱の難易度も［世代修正値］分上昇します。,背徳 (Transgression): 衝撃的な道徳的・社会的禁忌を犯そうと暴走します。神聖な象徴を破壊し、周囲の人間に信念を破らせ、自らの最も暗い悪徳を衆人環視の中で満たそうとします。,堕落（Corruption）、隠匿（Obfuscate）、威厳（Presence）の3つの訓えを標準で習得可能です。,コラプション (堕落・誘惑),他者の心に疑念や悪夢、抑えがたい罪の欲望を植え付け、精神と魂を蝕んで意のままに操る闇の訓え。毒蛇への変身や猛毒の血をも操る。,2,永続する呪詛 (Lingering Curse),2-dot Social Corruption,アクション (Action),社会: 操作力 (Manipulation),1ヴィータイ (1 Vitae),対象の決意 (Target's Resolve),接触 (Touch),1夜 (One night),超自然的な不運を刻み込み、判定失敗時に破滅的結果を招かせる。,対象に災厄の呪いを付与する。対象が判定でファンブル（致命的失敗）を出した際、その結果が壊滅的な大惨事へと発展する。,"•••: 呪いの効果が1週間にわたって持続する。
•••••: 呪いの効果が1ヶ月間にわたって持続する。","Afflict target with supernatural bad luck; whenever they roll a critical failure, the consequences are disastrous.","•••: Lasts for a week.
•••••: Lasts for a month."
ミニストリー,The Ministry,真に自由になるためには、己自身に屈服せよ。,カルト指導者、快楽主義のアーティスト、違法薬物の元締め、過激派セラピスト、裏社会の銀行家,かつて「セトの信徒」として恐れられたミニストリーは、道徳律や法、宗教的戒律はすべて魂を束縛する鎖にすぎないと説きます。真の精神的解放を得るには、あらゆる禁忌を犯し、欲望の限界を試し、己を縛るすべての偽善を粉砕しなければならないと考えます。彼らは誘惑者であり霊的導き手として、人々が最も渇望するものを提供し、快楽と負債の網へと絡め取っていきます。,誘惑者 (Tempting Beast): 他者を堕落させ、禁忌を打ち破ることを切望します。他人に悪徳を犯させ、誓いを破らせ、偽善を暴き立てることで獣を満たします。,陽光の禍 (Sunlight Bane): 日光に対する脆弱性が他氏族より遥かに深刻です。日光に晒された際に［世代修正値］分の追加ダメージを受け、火や日光による恐怖狂乱の難易度も［世代修正値］分上昇します。,背徳 (Transgression): 衝撃的な道徳的・社会的禁忌を犯そうと暴走します。神聖な象徴を破壊し、周囲の人間に信念を破らせ、自らの最も暗い悪徳を衆人環視の中で満たそうとします。,堕落（Corruption）、隠匿（Obfuscate）、威厳（Presence）の3つの訓えを標準で習得可能です。,コラプション (堕落・誘惑),他者の心に疑念や悪夢、抑えがたい罪の欲望を植え付け、精神と魂を蝕んで意のままに操る闇の訓え。毒蛇への変身や猛毒の血をも操る。,2,蛇の誘惑 (Serpent's Seduction),2-dot Social Corruption,アクション (Action),社会: カリスマ (Charisma),1ヴィータイ (1 Vitae),対象の平静 (Target's Composure),視線が通る距離 (Line of sight),1シーン (One scene),対象の抑圧された罪深い欲望を呼び覚まし、誘惑に屈服させる。,対象の心の奥底に潜む最も暗い罪悪感や悪徳の欲望をかき立て、自制心を奪って欲望に身を委ねさせる。,"•••: 対象が欲望を満たすために重犯罪に走るようになる。
•••••: 対象が術者の愛顧と指示に完全に依存・中毒する。","Stir the deepest sinful desire in a target, making them helpless against indulgence.","•••: Target commits crime to satisfy craving.
•••••: Target becomes completely addicted to your favor."
ミニストリー,The Ministry,真に自由になるためには、己自身に屈服せよ。,カルト指導者、快楽主義のアーティスト、違法薬物の元締め、過激派セラピスト、裏社会の銀行家,かつて「セトの信徒」として恐れられたミニストリーは、道徳律や法、宗教的戒律はすべて魂を束縛する鎖にすぎないと説きます。真の精神的解放を得るには、あらゆる禁忌を犯し、欲望の限界を試し、己を縛るすべての偽善を粉砕しなければならないと考えます。彼らは誘惑者であり霊的導き手として、人々が最も渇望するものを提供し、快楽と負債の網へと絡め取っていきます。,誘惑者 (Tempting Beast): 他者を堕落させ、禁忌を打ち破ることを切望します。他人に悪徳を犯させ、誓いを破らせ、偽善を暴き立てることで獣を満たします。,陽光の禍 (Sunlight Bane): 日光に対する脆弱性が他氏族より遥かに深刻です。日光に晒された際に［世代修正値］分の追加ダメージを受け、火や日光による恐怖狂乱の難易度も［世代修正値］分上昇します。,背徳 (Transgression): 衝撃的な道徳的・社会的禁忌を犯そうと暴走します。神聖な象徴を破壊し、周囲の人間に信念を破らせ、自らの最も暗い悪徳を衆人環視の中で満たそうとします。,堕落（Corruption）、隠匿（Obfuscate）、威厳（Presence）の3つの訓えを標準で習得可能です。,コラプション (堕落・誘惑),他者の心に疑念や悪夢、抑えがたい罪の欲望を植え付け、精神と魂を蝕んで意のままに操る闇の訓え。毒蛇への変身や猛毒の血をも操る。,2,猛毒の血 (Venomous Blood),2-dot Physical Corruption,リアクション (Reaction),肉体: 持久力 (Stamina),1ヴィータイ (1 Vitae),対象の持久力 (Target's Stamina),術者自身 (Self),1シーン (One scene),自身の血液を強酸性の猛毒に変え、攻撃者に破滅的ダメージを与える。,噛みつかれたり肉体を傷つけられた際、傷口から流れる血液が強酸と猛毒を帯びて肉を焼き、攻撃者に破滅的（Aggravated）ダメージを与える。,なし,"When bitten or cut, your blood burns flesh and corrodes weapons, dealing Aggravated damage to attackers.",None
ミニストリー,The Ministry,真に自由になるためには、己自身に屈服せよ。,カルト指導者、快楽主義のアーティスト、違法薬物の元締め、過激派セラピスト、裏社会の銀行家,かつて「セトの信徒」として恐れられたミニストリーは、道徳律や法、宗教的戒律はすべて魂を束縛する鎖にすぎないと説きます。真の精神的解放を得るには、あらゆる禁忌を犯し、欲望の限界を試し、己を縛るすべての偽善を粉砕しなければならないと考えます。彼らは誘惑者であり霊的導き手として、人々が最も渇望するものを提供し、快楽と負債の網へと絡め取っていきます。,誘惑者 (Tempting Beast): 他者を堕落させ、禁忌を打ち破ることを切望します。他人に悪徳を犯させ、誓いを破らせ、偽善を暴き立てることで獣を満たします。,陽光の禍 (Sunlight Bane): 日光に対する脆弱性が他氏族より遥かに深刻です。日光に晒された際に［世代修正値］分の追加ダメージを受け、火や日光による恐怖狂乱の難易度も［世代修正値］分上昇します。,背徳 (Transgression): 衝撃的な道徳的・社会的禁忌を犯そうと暴走します。神聖な象徴を破壊し、周囲の人間に信念を破らせ、自らの最も暗い悪徳を衆人環視の中で満たそうとします。,堕落（Corruption）、隠匿（Obfuscate）、威厳（Presence）の3つの訓えを標準で習得可能です。,コラプション (堕落・誘惑),他者の心に疑念や悪夢、抑えがたい罪の欲望を植え付け、精神と魂を蝕んで意のままに操る闇の訓え。毒蛇への変身や猛毒の血をも操る。,3,コブラの形態 (Form of the Cobra),3-dot Physical Corruption,アクション (Action),肉体: 持久力 (Stamina),2ヴィータイ (2 Vitae),なし (None),術者自身 (Self),1シーン (One scene),毒牙と催眠の眼差しを持つ巨大な黒コブラへと変身する。,自身の肉体を、猛毒の牙、硬質な鱗の装甲、そして催眠的な眼差しを持つ巨大な黒コブラへと変化させる。,•••••: 毒蛇の大群（スウォーム）へと変身・分散できるようになる。,"Your flesh transforms into a giant black cobra with venomous fangs, armored scales, and hypnotic gaze.",•••••: Can transform into a swarm of vipers.
ミニストリー,The Ministry,真に自由になるためには、己自身に屈服せよ。,カルト指導者、快楽主義のアーティスト、違法薬物の元締め、過激派セラピスト、裏社会の銀行家,かつて「セトの信徒」として恐れられたミニストリーは、道徳律や法、宗教的戒律はすべて魂を束縛する鎖にすぎないと説きます。真の精神的解放を得るには、あらゆる禁忌を犯し、欲望の限界を試し、己を縛るすべての偽善を粉砕しなければならないと考えます。彼らは誘惑者であり霊的導き手として、人々が最も渇望するものを提供し、快楽と負債の網へと絡め取っていきます。,誘惑者 (Tempting Beast): 他者を堕落させ、禁忌を打ち破ることを切望します。他人に悪徳を犯させ、誓いを破らせ、偽善を暴き立てることで獣を満たします。,陽光の禍 (Sunlight Bane): 日光に対する脆弱性が他氏族より遥かに深刻です。日光に晒された際に［世代修正値］分の追加ダメージを受け、火や日光による恐怖狂乱の難易度も［世代修正値］分上昇します。,背徳 (Transgression): 衝撃的な道徳的・社会的禁忌を犯そうと暴走します。神聖な象徴を破壊し、周囲の人間に信念を破らせ、自らの最も暗い悪徳を衆人環視の中で満たそうとします。,堕落（Corruption）、隠匿（Obfuscate）、威厳（Presence）の3つの訓えを標準で習得可能です。,コラプション (堕落・誘惑),他者の心に疑念や悪夢、抑えがたい罪の欲望を植え付け、精神と魂を蝕んで意のままに操る闇の訓え。毒蛇への変身や猛毒の血をも操る。,3,魂の引き裂き (Tear the Soul),3-dot Social Corruption,アクション (Action),社会: 操作力 (Manipulation),2ヴィータイ (2 Vitae),対象の決意 (Target's Resolve),近距離 (Near),即時 (Instant),対象の精神防御を粉砕し、意志力を根こそぎ奪い去る。,対象の精神の防壁を暴力的に破壊し、残されたすべての意志力ポイントを強制的に剥奪して無力化する。,•••••: 対象を完全な無気力・昏睡状態（緊張病性昏迷）に陥れる。,"Crush the target's mental defenses, stripping them of all remaining Willpower points.",•••••: Target falls into a catatonic stupor.
ミニストリー,The Ministry,真に自由になるためには、己自身に屈服せよ。,カルト指導者、快楽主義のアーティスト、違法薬物の元締め、過激派セラピスト、裏社会の銀行家,かつて「セトの信徒」として恐れられたミニストリーは、道徳律や法、宗教的戒律はすべて魂を束縛する鎖にすぎないと説きます。真の精神的解放を得るには、あらゆる禁忌を犯し、欲望の限界を試し、己を縛るすべての偽善を粉砕しなければならないと考えます。彼らは誘惑者であり霊的導き手として、人々が最も渇望するものを提供し、快楽と負債の網へと絡め取っていきます。,誘惑者 (Tempting Beast): 他者を堕落させ、禁忌を打ち破ることを切望します。他人に悪徳を犯させ、誓いを破らせ、偽善を暴き立てることで獣を満たします。,陽光の禍 (Sunlight Bane): 日光に対する脆弱性が他氏族より遥かに深刻です。日光に晒された際に［世代修正値］分の追加ダメージを受け、火や日光による恐怖狂乱の難易度も［世代修正値］分上昇します。,背徳 (Transgression): 衝撃的な道徳的・社会的禁忌を犯そうと暴走します。神聖な象徴を破壊し、周囲の人間に信念を破らせ、自らの最も暗い悪徳を衆人環視の中で満たそうとします。,堕落（Corruption）、隠匿（Obfuscate）、威厳（Presence）の3つの訓えを標準で習得可能です。,オブファスケイト (隠匿・隠密),周囲の知覚を幻惑して影に溶け込み、姿や音を完全に消し去り、自らの外見を別人に偽装する欺瞞と隠密の訓え。,1,影の外套 (Cloak of Shadows),1-dot Mental Obfuscate,アクション (Action),精神: 機知 (Wits),なし (None),なし (None),術者自身 (Self),移動するまで持続 (Until moved),静止している限り影に完全に同化し、視界から消失する。,周囲の影や薄暗がりに溶け込む。音を立てず静止している限り、観察者は術者の姿を視覚的に認識することができない。,"•••: 姿を隠したままゆっくりと隠密移動できるようになる。
•••••: 同行者2人を同時に影に潜ませて隠匿できる。","Blend seamlessly into shadows. So long as you do not move or make noise, observers cannot see you.","•••: Can move slowly while concealed.
•••••: Can conceal 2 companions."
ミニストリー,The Ministry,真に自由になるためには、己自身に屈服せよ。,カルト指導者、快楽主義のアーティスト、違法薬物の元締め、過激派セラピスト、裏社会の銀行家,かつて「セトの信徒」として恐れられたミニストリーは、道徳律や法、宗教的戒律はすべて魂を束縛する鎖にすぎないと説きます。真の精神的解放を得るには、あらゆる禁忌を犯し、欲望の限界を試し、己を縛るすべての偽善を粉砕しなければならないと考えます。彼らは誘惑者であり霊的導き手として、人々が最も渇望するものを提供し、快楽と負債の網へと絡め取っていきます。,誘惑者 (Tempting Beast): 他者を堕落させ、禁忌を打ち破ることを切望します。他人に悪徳を犯させ、誓いを破らせ、偽善を暴き立てることで獣を満たします。,陽光の禍 (Sunlight Bane): 日光に対する脆弱性が他氏族より遥かに深刻です。日光に晒された際に［世代修正値］分の追加ダメージを受け、火や日光による恐怖狂乱の難易度も［世代修正値］分上昇します。,背徳 (Transgression): 衝撃的な道徳的・社会的禁忌を犯そうと暴走します。神聖な象徴を破壊し、周囲の人間に信念を破らせ、自らの最も暗い悪徳を衆人環視の中で満たそうとします。,堕落（Corruption）、隠匿（Obfuscate）、威厳（Presence）の3つの訓えを標準で習得可能です。,オブファスケイト (隠匿・隠密),周囲の知覚を幻惑して影に溶け込み、姿や音を完全に消し去り、自らの外見を別人に偽装する欺瞞と隠密の訓え。,1,物体の隠蔽 (Conceal),1-dot Mental Obfuscate,アクション (Action),精神: 機知 (Wits),なし (None),なし (None),接触 (Touch),1シーン (One scene),武器や鞄、乗り物などの物体を人々の視覚から隠蔽する。,指定した物体（武器、バッグ、車両など）に隠蔽の膜を張り、周囲の人間や吸血鬼がその存在に気づかずに見過ごすように仕向ける。,なし,"Cloak an object (weapon, bag, vehicle) so that onlookers look right past it without noticing.",None
ミニストリー,The Ministry,真に自由になるためには、己自身に屈服せよ。,カルト指導者、快楽主義のアーティスト、違法薬物の元締め、過激派セラピスト、裏社会の銀行家,かつて「セトの信徒」として恐れられたミニストリーは、道徳律や法、宗教的戒律はすべて魂を束縛する鎖にすぎないと説きます。真の精神的解放を得るには、あらゆる禁忌を犯し、欲望の限界を試し、己を縛るすべての偽善を粉砕しなければならないと考えます。彼らは誘惑者であり霊的導き手として、人々が最も渇望するものを提供し、快楽と負債の網へと絡め取っていきます。,誘惑者 (Tempting Beast): 他者を堕落させ、禁忌を打ち破ることを切望します。他人に悪徳を犯させ、誓いを破らせ、偽善を暴き立てることで獣を満たします。,陽光の禍 (Sunlight Bane): 日光に対する脆弱性が他氏族より遥かに深刻です。日光に晒された際に［世代修正値］分の追加ダメージを受け、火や日光による恐怖狂乱の難易度も［世代修正値］分上昇します。,背徳 (Transgression): 衝撃的な道徳的・社会的禁忌を犯そうと暴走します。神聖な象徴を破壊し、周囲の人間に信念を破らせ、自らの最も暗い悪徳を衆人環視の中で満たそうとします。,堕落（Corruption）、隠匿（Obfuscate）、威厳（Presence）の3つの訓えを標準で習得可能です。,オブファスケイト (隠匿・隠密),周囲の知覚を幻惑して影に溶け込み、姿や音を完全に消し去り、自らの外見を別人に偽装する欺瞞と隠密の訓え。,1,死の静寂 (Silence of Death),1-dot Mental Obfuscate,アクション (Action),肉体: 敏捷力 (Dexterity),なし (None),なし (None),術者自身 (Self),1シーン (One scene),足音、衣服の擦れる音、銃撃音に至るまで全動作の音を消し去る。,自身のあらゆる動作から発せられる音を完全に消去する。足音、衣服の擦れ、呼吸音、さらには手にした銃の銃撃音すら完全な無音となる。,"•••: 部屋全体の音響を吸収し、完全な静寂を作り出す。
•••••: 音の一切が存在しない絶対的な真空の静寂域を展開する。","Completely silence your footsteps, breathing, rustling clothes, and gunshots fired from your hands.","•••: Muffles sounds in an entire room.
•••••: Absolute vacuum of sound."
ミニストリー,The Ministry,真に自由になるためには、己自身に屈服せよ。,カルト指導者、快楽主義のアーティスト、違法薬物の元締め、過激派セラピスト、裏社会の銀行家,かつて「セトの信徒」として恐れられたミニストリーは、道徳律や法、宗教的戒律はすべて魂を束縛する鎖にすぎないと説きます。真の精神的解放を得るには、あらゆる禁忌を犯し、欲望の限界を試し、己を縛るすべての偽善を粉砕しなければならないと考えます。彼らは誘惑者であり霊的導き手として、人々が最も渇望するものを提供し、快楽と負債の網へと絡め取っていきます。,誘惑者 (Tempting Beast): 他者を堕落させ、禁忌を打ち破ることを切望します。他人に悪徳を犯させ、誓いを破らせ、偽善を暴き立てることで獣を満たします。,陽光の禍 (Sunlight Bane): 日光に対する脆弱性が他氏族より遥かに深刻です。日光に晒された際に［世代修正値］分の追加ダメージを受け、火や日光による恐怖狂乱の難易度も［世代修正値］分上昇します。,背徳 (Transgression): 衝撃的な道徳的・社会的禁忌を犯そうと暴走します。神聖な象徴を破壊し、周囲の人間に信念を破らせ、自らの最も暗い悪徳を衆人環視の中で満たそうとします。,堕落（Corruption）、隠匿（Obfuscate）、威厳（Presence）の3つの訓えを標準で習得可能です。,オブファスケイト (隠匿・隠密),周囲の知覚を幻惑して影に溶け込み、姿や音を完全に消し去り、自らの外見を別人に偽装する欺瞞と隠密の訓え。,2,二重言語 (Double Talk),2-dot Social Obfuscate,アクション (Action),社会: 操作力 (Manipulation),なし (None),なし (None),近距離 (Near),1回の会話中 (One conversation),日常会話を交わしながら、特定人物にのみ秘密の暗号を伝える。,周囲には他愛のない世間話をしているように聞かせながら、指定した特定の聞き手に対してのみ、全く異なる秘密のメッセージを伝達する。,なし,"Converse normally while transmitting completely different, secret messages to designated listeners.",None
ミニストリー,The Ministry,真に自由になるためには、己自身に屈服せよ。,カルト指導者、快楽主義のアーティスト、違法薬物の元締め、過激派セラピスト、裏社会の銀行家,かつて「セトの信徒」として恐れられたミニストリーは、道徳律や法、宗教的戒律はすべて魂を束縛する鎖にすぎないと説きます。真の精神的解放を得るには、あらゆる禁忌を犯し、欲望の限界を試し、己を縛るすべての偽善を粉砕しなければならないと考えます。彼らは誘惑者であり霊的導き手として、人々が最も渇望するものを提供し、快楽と負債の網へと絡め取っていきます。,誘惑者 (Tempting Beast): 他者を堕落させ、禁忌を打ち破ることを切望します。他人に悪徳を犯させ、誓いを破らせ、偽善を暴き立てることで獣を満たします。,陽光の禍 (Sunlight Bane): 日光に対する脆弱性が他氏族より遥かに深刻です。日光に晒された際に［世代修正値］分の追加ダメージを受け、火や日光による恐怖狂乱の難易度も［世代修正値］分上昇します。,背徳 (Transgression): 衝撃的な道徳的・社会的禁忌を犯そうと暴走します。神聖な象徴を破壊し、周囲の人間に信念を破らせ、自らの最も暗い悪徳を衆人環視の中で満たそうとします。,堕落（Corruption）、隠匿（Obfuscate）、威厳（Presence）の3つの訓えを標準で習得可能です。,オブファスケイト (隠匿・隠密),周囲の知覚を幻惑して影に溶け込み、姿や音を完全に消し去り、自らの外見を別人に偽装する欺瞞と隠密の訓え。,2,虚飾の金 (Fool's Gold),2-dot Mental Obfuscate,アクション (Action),社会: 操作力 (Manipulation),1ヴィータイ (1 Vitae),なし (None),接触 (Touch),1シーン (One scene),紙切れを通行証や札束に見せかけるなど、小物の外見を偽装する。,手にした小物の外見を超自然的に偽装する（例：ただの紙屑を有効なセキュリティパスや札束のように見せかける）。,"•••: 偽装の効果が数日間にわたって持続する。
•••••: ガラクタを本物の金塊や高価な宝石のように偽装できる。",Supernaturally disguise an object (e.g. a scrap of paper appears as a valid security pass or cash).,"•••: Disguise lasts for days.
•••••: Object appears as valuable gold or jewels."
ミニストリー,The Ministry,真に自由になるためには、己自身に屈服せよ。,カルト指導者、快楽主義のアーティスト、違法薬物の元締め、過激派セラピスト、裏社会の銀行家,かつて「セトの信徒」として恐れられたミニストリーは、道徳律や法、宗教的戒律はすべて魂を束縛する鎖にすぎないと説きます。真の精神的解放を得るには、あらゆる禁忌を犯し、欲望の限界を試し、己を縛るすべての偽善を粉砕しなければならないと考えます。彼らは誘惑者であり霊的導き手として、人々が最も渇望するものを提供し、快楽と負債の網へと絡め取っていきます。,誘惑者 (Tempting Beast): 他者を堕落させ、禁忌を打ち破ることを切望します。他人に悪徳を犯させ、誓いを破らせ、偽善を暴き立てることで獣を満たします。,陽光の禍 (Sunlight Bane): 日光に対する脆弱性が他氏族より遥かに深刻です。日光に晒された際に［世代修正値］分の追加ダメージを受け、火や日光による恐怖狂乱の難易度も［世代修正値］分上昇します。,背徳 (Transgression): 衝撃的な道徳的・社会的禁忌を犯そうと暴走します。神聖な象徴を破壊し、周囲の人間に信念を破らせ、自らの最も暗い悪徳を衆人環視の中で満たそうとします。,堕落（Corruption）、隠匿（Obfuscate）、威厳（Presence）の3つの訓えを標準で習得可能です。,オブファスケイト (隠匿・隠密),周囲の知覚を幻惑して影に溶け込み、姿や音を完全に消し去り、自らの外見を別人に偽装する欺瞞と隠密の訓え。,2,幻覚の幻惑 (Mind Tricks),2-dot Mental Obfuscate,アクション (Action),精神: 機知 (Wits),意志力1点 (1 Willpower),対象の機知 (Target's Wits),視線が通る距離 (Line of sight),1シーン (One scene),幻聴や幻視を相手の頭脳に送り、注意を逸らしてパニックに陥れる。,特定の観察者の精神に直接感覚のイリュージョン（足音、物音、影の幻惑）を投影し、注意を逸らして警戒を解かせるか混乱させる。,なし,"Project sensory illusions that distract, misdirect, or panic an individual observer.",None
ミニストリー,The Ministry,真に自由になるためには、己自身に屈服せよ。,カルト指導者、快楽主義のアーティスト、違法薬物の元締め、過激派セラピスト、裏社会の銀行家,かつて「セトの信徒」として恐れられたミニストリーは、道徳律や法、宗教的戒律はすべて魂を束縛する鎖にすぎないと説きます。真の精神的解放を得るには、あらゆる禁忌を犯し、欲望の限界を試し、己を縛るすべての偽善を粉砕しなければならないと考えます。彼らは誘惑者であり霊的導き手として、人々が最も渇望するものを提供し、快楽と負債の網へと絡め取っていきます。,誘惑者 (Tempting Beast): 他者を堕落させ、禁忌を打ち破ることを切望します。他人に悪徳を犯させ、誓いを破らせ、偽善を暴き立てることで獣を満たします。,陽光の禍 (Sunlight Bane): 日光に対する脆弱性が他氏族より遥かに深刻です。日光に晒された際に［世代修正値］分の追加ダメージを受け、火や日光による恐怖狂乱の難易度も［世代修正値］分上昇します。,背徳 (Transgression): 衝撃的な道徳的・社会的禁忌を犯そうと暴走します。神聖な象徴を破壊し、周囲の人間に信念を破らせ、自らの最も暗い悪徳を衆人環視の中で満たそうとします。,堕落（Corruption）、隠匿（Obfuscate）、威厳（Presence）の3つの訓えを標準で習得可能です。,オブファスケイト (隠匿・隠密),周囲の知覚を幻惑して影に溶け込み、姿や音を完全に消し去り、自らの外見を別人に偽装する欺瞞と隠密の訓え。,3,悪夢の現実化 (Horrid Reality),3-dot Mental Obfuscate,アクション (Action),社会: 操作力 (Manipulation),2ヴィータイ (2 Vitae),対象の決意 (Target's Resolve),近距離 (Near),1シーン (One scene),炎上や怪物の襲撃などの圧倒的錯覚を与え、幻覚ダメージを負わせる。,対象に「炎に包まれて焼かれている」「怪物に引き裂かれている」という恐るべき幻覚を信じ込ませ、精神的なショックによって幻の傷とダメージを負わせる。,•••••: 幻覚が対象の肉体に本物の致死ダメージを与えるようになる。,"Make a target believe they are burning alive or being mauled by monsters, suffering phantom damage.",•••••: Illusion deals real lethal damage to the target.
ミニストリー,The Ministry,真に自由になるためには、己自身に屈服せよ。,カルト指導者、快楽主義のアーティスト、違法薬物の元締め、過激派セラピスト、裏社会の銀行家,かつて「セトの信徒」として恐れられたミニストリーは、道徳律や法、宗教的戒律はすべて魂を束縛する鎖にすぎないと説きます。真の精神的解放を得るには、あらゆる禁忌を犯し、欲望の限界を試し、己を縛るすべての偽善を粉砕しなければならないと考えます。彼らは誘惑者であり霊的導き手として、人々が最も渇望するものを提供し、快楽と負債の網へと絡め取っていきます。,誘惑者 (Tempting Beast): 他者を堕落させ、禁忌を打ち破ることを切望します。他人に悪徳を犯させ、誓いを破らせ、偽善を暴き立てることで獣を満たします。,陽光の禍 (Sunlight Bane): 日光に対する脆弱性が他氏族より遥かに深刻です。日光に晒された際に［世代修正値］分の追加ダメージを受け、火や日光による恐怖狂乱の難易度も［世代修正値］分上昇します。,背徳 (Transgression): 衝撃的な道徳的・社会的禁忌を犯そうと暴走します。神聖な象徴を破壊し、周囲の人間に信念を破らせ、自らの最も暗い悪徳を衆人環視の中で満たそうとします。,堕落（Corruption）、隠匿（Obfuscate）、威厳（Presence）の3つの訓えを標準で習得可能です。,オブファスケイト (隠匿・隠密),周囲の知覚を幻惑して影に溶け込み、姿や音を完全に消し去り、自らの外見を別人に偽装する欺瞞と隠密の訓え。,3,千の仮面 (Mask of a Thousand Faces),3-dot Mental Obfuscate,アクション (Action),社会: 操作力 (Manipulation),1ヴィータイ (1 Vitae),なし (None),術者自身 (Self),1シーン (One scene),顔、声、体格、服装の印象を変え、見知らぬ他人や特定人物に化ける。,自身の顔つき、声色、体格、服装の認識を他者の精神の中で改ざんし、目立たない見知らぬ通行人、あるいは特定の人物の外見へと偽装する。,•••••: 生体認証や網膜スキャナーなどの機械的セキュリティすらも欺く。,"Disguise your face, voice, build, and clothing to appear as an innocuous stranger or specific individual.",•••••: Disguise fools biometric and retinal scanners.
ミニストリー,The Ministry,真に自由になるためには、己自身に屈服せよ。,カルト指導者、快楽主義のアーティスト、違法薬物の元締め、過激派セラピスト、裏社会の銀行家,かつて「セトの信徒」として恐れられたミニストリーは、道徳律や法、宗教的戒律はすべて魂を束縛する鎖にすぎないと説きます。真の精神的解放を得るには、あらゆる禁忌を犯し、欲望の限界を試し、己を縛るすべての偽善を粉砕しなければならないと考えます。彼らは誘惑者であり霊的導き手として、人々が最も渇望するものを提供し、快楽と負債の網へと絡め取っていきます。,誘惑者 (Tempting Beast): 他者を堕落させ、禁忌を打ち破ることを切望します。他人に悪徳を犯させ、誓いを破らせ、偽善を暴き立てることで獣を満たします。,陽光の禍 (Sunlight Bane): 日光に対する脆弱性が他氏族より遥かに深刻です。日光に晒された際に［世代修正値］分の追加ダメージを受け、火や日光による恐怖狂乱の難易度も［世代修正値］分上昇します。,背徳 (Transgression): 衝撃的な道徳的・社会的禁忌を犯そうと暴走します。神聖な象徴を破壊し、周囲の人間に信念を破らせ、自らの最も暗い悪徳を衆人環視の中で満たそうとします。,堕落（Corruption）、隠匿（Obfuscate）、威厳（Presence）の3つの訓えを標準で習得可能です。,プレゼンス (威厳・魅了),自らのカリスマとオーラを増幅させ、周囲の者を畏怖させ、魅了し、心酔させて狂乱をも鎮める社交と感情操作の訓え。,1,畏怖のオーラ (Awe),1-dot Social Presence,アクション (Action),社会: カリスマ (Charisma),なし (None),対象の平静 (Target's Composure),近距離 (Near),1シーン (One scene),圧倒的なカリスマを放ち、周囲の者を魅了して反抗心を奪う。,強烈な超自然的オーラを放ち、周囲の視線と関心を一身に集める。目撃者は術者の魅力に心を奪われ、発言の一言一句に聞き惚れて敵対心を失う。,なし,"Radiate intense supernatural allure. Onlookers are captivated, hanging on your every word.",None
ミニストリー,The Ministry,真に自由になるためには、己自身に屈服せよ。,カルト指導者、快楽主義のアーティスト、違法薬物の元締め、過激派セラピスト、裏社会の銀行家,かつて「セトの信徒」として恐れられたミニストリーは、道徳律や法、宗教的戒律はすべて魂を束縛する鎖にすぎないと説きます。真の精神的解放を得るには、あらゆる禁忌を犯し、欲望の限界を試し、己を縛るすべての偽善を粉砕しなければならないと考えます。彼らは誘惑者であり霊的導き手として、人々が最も渇望するものを提供し、快楽と負債の網へと絡め取っていきます。,誘惑者 (Tempting Beast): 他者を堕落させ、禁忌を打ち破ることを切望します。他人に悪徳を犯させ、誓いを破らせ、偽善を暴き立てることで獣を満たします。,陽光の禍 (Sunlight Bane): 日光に対する脆弱性が他氏族より遥かに深刻です。日光に晒された際に［世代修正値］分の追加ダメージを受け、火や日光による恐怖狂乱の難易度も［世代修正値］分上昇します。,背徳 (Transgression): 衝撃的な道徳的・社会的禁忌を犯そうと暴走します。神聖な象徴を破壊し、周囲の人間に信念を破らせ、自らの最も暗い悪徳を衆人環視の中で満たそうとします。,堕落（Corruption）、隠匿（Obfuscate）、威厳（Presence）の3つの訓えを標準で習得可能です。,プレゼンス (威厳・魅了),自らのカリスマとオーラを増幅させ、周囲の者を畏怖させ、魅了し、心酔させて狂乱をも鎮める社交と感情操作の訓え。,1,威圧の眼差し (Dread Gaze),1-dot Social Presence,アクション (Action),社会: カリスマ (Charisma),なし (None),対象の平静 (Target's Composure),視線が通る距離 (Line of sight),1シーン (One scene),捕食者の威容を眼差しで示し、対象を恐怖に震え上がらせて逃走させる。,魂の奥底に潜む恐るべき怪物の本質を一瞥によって露わにし、指定した対象を盲目的な恐怖に陥れてその場から逃走させる。,"•••: 対象が恐怖のあまりその場に硬直・麻痺する。
•••••: 対象が恐怖で失神するか、心停止ショックを起こす。","Reveal the monstrous predator within your soul, sending a chosen target fleeing in blind terror.","•••: Target is paralyzed with dread.
•••••: Target faints or suffers heart attack."
ミニストリー,The Ministry,真に自由になるためには、己自身に屈服せよ。,カルト指導者、快楽主義のアーティスト、違法薬物の元締め、過激派セラピスト、裏社会の銀行家,かつて「セトの信徒」として恐れられたミニストリーは、道徳律や法、宗教的戒律はすべて魂を束縛する鎖にすぎないと説きます。真の精神的解放を得るには、あらゆる禁忌を犯し、欲望の限界を試し、己を縛るすべての偽善を粉砕しなければならないと考えます。彼らは誘惑者であり霊的導き手として、人々が最も渇望するものを提供し、快楽と負債の網へと絡め取っていきます。,誘惑者 (Tempting Beast): 他者を堕落させ、禁忌を打ち破ることを切望します。他人に悪徳を犯させ、誓いを破らせ、偽善を暴き立てることで獣を満たします。,陽光の禍 (Sunlight Bane): 日光に対する脆弱性が他氏族より遥かに深刻です。日光に晒された際に［世代修正値］分の追加ダメージを受け、火や日光による恐怖狂乱の難易度も［世代修正値］分上昇します。,背徳 (Transgression): 衝撃的な道徳的・社会的禁忌を犯そうと暴走します。神聖な象徴を破壊し、周囲の人間に信念を破らせ、自らの最も暗い悪徳を衆人環視の中で満たそうとします。,堕落（Corruption）、隠匿（Obfuscate）、威厳（Presence）の3つの訓えを標準で習得可能です。,プレゼンス (威厳・魅了),自らのカリスマとオーラを増幅させ、周囲の者を畏怖させ、魅了し、心酔させて狂乱をも鎮める社交と感情操作の訓え。,1,情動の増幅 (Impassion),1-dot Social Presence,アクション (Action),社会: カリスマ (Charisma),1ヴィータイ (1 Vitae),対象の平静 (Target's Composure),近距離 (Near),1シーン (One scene),対象の特定の感情（怒り、愛欲、悲哀、狂喜等）を強烈に煽り立てる。,対象の特定の感情（激怒、情欲、悲嘆、歓喜など）を増幅・刺激し、理性を失わせて衝動的な行動へと駆り立てる。,"•••: 単一の対象だけでなく、群衆全体に感情を波及させる。
•••••: 対象を狂信的な行動へと駆り立てる。","Amplify a specific emotion (rage, lust, grief, joy) in a target, driving them to erratic behavior.","•••: Affects crowds.
•••••: Drives target to fanatical action."
ミニストリー,The Ministry,真に自由になるためには、己自身に屈服せよ。,カルト指導者、快楽主義のアーティスト、違法薬物の元締め、過激派セラピスト、裏社会の銀行家,かつて「セトの信徒」として恐れられたミニストリーは、道徳律や法、宗教的戒律はすべて魂を束縛する鎖にすぎないと説きます。真の精神的解放を得るには、あらゆる禁忌を犯し、欲望の限界を試し、己を縛るすべての偽善を粉砕しなければならないと考えます。彼らは誘惑者であり霊的導き手として、人々が最も渇望するものを提供し、快楽と負債の網へと絡め取っていきます。,誘惑者 (Tempting Beast): 他者を堕落させ、禁忌を打ち破ることを切望します。他人に悪徳を犯させ、誓いを破らせ、偽善を暴き立てることで獣を満たします。,陽光の禍 (Sunlight Bane): 日光に対する脆弱性が他氏族より遥かに深刻です。日光に晒された際に［世代修正値］分の追加ダメージを受け、火や日光による恐怖狂乱の難易度も［世代修正値］分上昇します。,背徳 (Transgression): 衝撃的な道徳的・社会的禁忌を犯そうと暴走します。神聖な象徴を破壊し、周囲の人間に信念を破らせ、自らの最も暗い悪徳を衆人環視の中で満たそうとします。,堕落（Corruption）、隠匿（Obfuscate）、威厳（Presence）の3つの訓えを標準で習得可能です。,プレゼンス (威厳・魅了),自らのカリスマとオーラを増幅させ、周囲の者を畏怖させ、魅了し、心酔させて狂乱をも鎮める社交と感情操作の訓え。,2,魅惑の視線 (Captivating Gaze),2-dot Social Presence,アクション (Action),社会: カリスマ (Charisma),1ヴィータイ (1 Vitae),対象の決意 (Target's Resolve),アイコンタクト/目を合わせた状態 (Eye contact),集中維持中 (Sustained),強烈な見つめ合いで対象をその場に硬直させ、発言や行動を封じる。,対象と視線を交差させ、その場に釘付けにする。術者が視線を維持している限り、対象は一歩も動けず、声を発することもできない。,"•••: 簡単な手招きや身振りによって対象を誘導できる。
•••••: 対象を深い催眠トランス状態に沈め込む。","Lock eyes with a victim, freezing them in place. They cannot move or speak as long as you maintain eye contact.","•••: Target obeys simple hand gestures.
•••••: Target falls into deep trance."
ミニストリー,The Ministry,真に自由になるためには、己自身に屈服せよ。,カルト指導者、快楽主義のアーティスト、違法薬物の元締め、過激派セラピスト、裏社会の銀行家,かつて「セトの信徒」として恐れられたミニストリーは、道徳律や法、宗教的戒律はすべて魂を束縛する鎖にすぎないと説きます。真の精神的解放を得るには、あらゆる禁忌を犯し、欲望の限界を試し、己を縛るすべての偽善を粉砕しなければならないと考えます。彼らは誘惑者であり霊的導き手として、人々が最も渇望するものを提供し、快楽と負債の網へと絡め取っていきます。,誘惑者 (Tempting Beast): 他者を堕落させ、禁忌を打ち破ることを切望します。他人に悪徳を犯させ、誓いを破らせ、偽善を暴き立てることで獣を満たします。,陽光の禍 (Sunlight Bane): 日光に対する脆弱性が他氏族より遥かに深刻です。日光に晒された際に［世代修正値］分の追加ダメージを受け、火や日光による恐怖狂乱の難易度も［世代修正値］分上昇します。,背徳 (Transgression): 衝撃的な道徳的・社会的禁忌を犯そうと暴走します。神聖な象徴を破壊し、周囲の人間に信念を破らせ、自らの最も暗い悪徳を衆人環視の中で満たそうとします。,堕落（Corruption）、隠匿（Obfuscate）、威厳（Presence）の3つの訓えを標準で習得可能です。,プレゼンス (威厳・魅了),自らのカリスマとオーラを増幅させ、周囲の者を畏怖させ、魅了し、心酔させて狂乱をも鎮める社交と感情操作の訓え。,2,平穏の回復 (Compose Yourself),2-dot Social Presence,アクション (Action),社会: カリスマ (Charisma),意志力1点 (1 Willpower),なし (None),接触 (Touch),1シーン (One scene),触れた味方の恐怖や狂乱を瞬時に鎮め、冷静さを取り戻させる。,味方に手を触れることで、恐怖狂乱や激怒狂乱に陥っている対象を即座に正気に引き戻し、平穏と自制心を回復させる。,"•••: 人間に超自然的な勇気と平穏を植え付ける。
•••••: 失われた意志力（Willpower）を回復させる。","Touch an ally to immediately snap them out of terror or frenzy, restoring their calm and composure.","•••: Instills unnatural bravery in mortals.
•••••: Restores lost Willpower."
ミニストリー,The Ministry,真に自由になるためには、己自身に屈服せよ。,カルト指導者、快楽主義のアーティスト、違法薬物の元締め、過激派セラピスト、裏社会の銀行家,かつて「セトの信徒」として恐れられたミニストリーは、道徳律や法、宗教的戒律はすべて魂を束縛する鎖にすぎないと説きます。真の精神的解放を得るには、あらゆる禁忌を犯し、欲望の限界を試し、己を縛るすべての偽善を粉砕しなければならないと考えます。彼らは誘惑者であり霊的導き手として、人々が最も渇望するものを提供し、快楽と負債の網へと絡め取っていきます。,誘惑者 (Tempting Beast): 他者を堕落させ、禁忌を打ち破ることを切望します。他人に悪徳を犯させ、誓いを破らせ、偽善を暴き立てることで獣を満たします。,陽光の禍 (Sunlight Bane): 日光に対する脆弱性が他氏族より遥かに深刻です。日光に晒された際に［世代修正値］分の追加ダメージを受け、火や日光による恐怖狂乱の難易度も［世代修正値］分上昇します。,背徳 (Transgression): 衝撃的な道徳的・社会的禁忌を犯そうと暴走します。神聖な象徴を破壊し、周囲の人間に信念を破らせ、自らの最も暗い悪徳を衆人環視の中で満たそうとします。,堕落（Corruption）、隠匿（Obfuscate）、威厳（Presence）の3つの訓えを標準で習得可能です。,プレゼンス (威厳・魅了),自らのカリスマとオーラを増幅させ、周囲の者を畏怖させ、魅了し、心酔させて狂乱をも鎮める社交と感情操作の訓え。,2,残留する存在感 (Lingering Presence),2-dot Social Presence,アクション (Action),社会: 操作力 (Manipulation),1ヴィータイ (1 Vitae),なし (None),接触 (Touch),1夜 (One night),部屋や場所に畏怖や魅了のオーラを刻印し、退室後も影響を与える。,退室後も長時間にわたり、自らのカリスマや恐怖の残留オーラをその場所に残し、足を踏み入れた者に影響を与える。,なし,Leave an aura of awe or fear in a room that affects anyone who enters hours after you leave.,None
ミニストリー,The Ministry,真に自由になるためには、己自身に屈服せよ。,カルト指導者、快楽主義のアーティスト、違法薬物の元締め、過激派セラピスト、裏社会の銀行家,かつて「セトの信徒」として恐れられたミニストリーは、道徳律や法、宗教的戒律はすべて魂を束縛する鎖にすぎないと説きます。真の精神的解放を得るには、あらゆる禁忌を犯し、欲望の限界を試し、己を縛るすべての偽善を粉砕しなければならないと考えます。彼らは誘惑者であり霊的導き手として、人々が最も渇望するものを提供し、快楽と負債の網へと絡め取っていきます。,誘惑者 (Tempting Beast): 他者を堕落させ、禁忌を打ち破ることを切望します。他人に悪徳を犯させ、誓いを破らせ、偽善を暴き立てることで獣を満たします。,陽光の禍 (Sunlight Bane): 日光に対する脆弱性が他氏族より遥かに深刻です。日光に晒された際に［世代修正値］分の追加ダメージを受け、火や日光による恐怖狂乱の難易度も［世代修正値］分上昇します。,背徳 (Transgression): 衝撃的な道徳的・社会的禁忌を犯そうと暴走します。神聖な象徴を破壊し、周囲の人間に信念を破らせ、自らの最も暗い悪徳を衆人環視の中で満たそうとします。,堕落（Corruption）、隠匿（Obfuscate）、威厳（Presence）の3つの訓えを標準で習得可能です。,プレゼンス (威厳・魅了),自らのカリスマとオーラを増幅させ、周囲の者を畏怖させ、魅了し、心酔させて狂乱をも鎮める社交と感情操作の訓え。,3,心酔 (Entrancement),3-dot Social Presence,アクション (Action),社会: カリスマ (Charisma),2ヴィータイ (2 Vitae),対象の決意 (Target's Resolve),視線が通る距離 (Line of sight),1夜 (One night),対象を熱狂的な崇拝者に仕立て上げ、喜んで命令を聞き入れさせる。,対象の心を深く魅了し、術者を最も敬愛する存在として信奉させる。対象は術者からのあらゆる願いや要求を喜んで実行する。,•••••: 効果が数週間から数ヶ月間にわたって持続する。,"Enthrall a subject so deeply that they regard you as their most beloved idol, obeying requests gladly.",•••••: Lasts for weeks or months.
ミニストリー,The Ministry,真に自由になるためには、己自身に屈服せよ。,カルト指導者、快楽主義のアーティスト、違法薬物の元締め、過激派セラピスト、裏社会の銀行家,かつて「セトの信徒」として恐れられたミニストリーは、道徳律や法、宗教的戒律はすべて魂を束縛する鎖にすぎないと説きます。真の精神的解放を得るには、あらゆる禁忌を犯し、欲望の限界を試し、己を縛るすべての偽善を粉砕しなければならないと考えます。彼らは誘惑者であり霊的導き手として、人々が最も渇望するものを提供し、快楽と負債の網へと絡め取っていきます。,誘惑者 (Tempting Beast): 他者を堕落させ、禁忌を打ち破ることを切望します。他人に悪徳を犯させ、誓いを破らせ、偽善を暴き立てることで獣を満たします。,陽光の禍 (Sunlight Bane): 日光に対する脆弱性が他氏族より遥かに深刻です。日光に晒された際に［世代修正値］分の追加ダメージを受け、火や日光による恐怖狂乱の難易度も［世代修正値］分上昇します。,背徳 (Transgression): 衝撃的な道徳的・社会的禁忌を犯そうと暴走します。神聖な象徴を破壊し、周囲の人間に信念を破らせ、自らの最も暗い悪徳を衆人環視の中で満たそうとします。,堕落（Corruption）、隠匿（Obfuscate）、威厳（Presence）の3つの訓えを標準で習得可能です。,プレゼンス (威厳・魅了),自らのカリスマとオーラを増幅させ、周囲の者を畏怖させ、魅了し、心酔させて狂乱をも鎮める社交と感情操作の訓え。,3,威風堂々 (Majesty),3-dot Social Presence,アクション (Action),社会: カリスマ (Charisma),2ヴィータイ (2 Vitae),対象の決意 (Target's Resolve),近距離 (Near),1シーン (One scene),神のごとき威厳を放ち、何者も攻撃や侮辱を行えないように屈服させる。,超越的かつ恐るべき神性のオーラを身に纏う。圧倒的な畏怖を克服するテストに成功しない限り、何者も術者を攻撃したり侮辱したりすることができない。,•••••: 人間がその場にひれ伏して平伏する。,"Assume an aura of transcendent, terrible divinity. No one can attack or insult you without overcoming crushing awe.",•••••: Mortals fall prostrate on the ground.
